<metadata xml:lang="en"><Esri><CreaDate>20211022</CreaDate><CreaTime>14000600</CreaTime><ArcGISFormat>1.0</ArcGISFormat><SyncOnce>FALSE</SyncOnce><DataProperties><lineage><Process ToolSource="c:\program files\arcgis\pro\Resources\ArcToolbox\toolboxes\Conversion Tools.tbx\FeatureClassToFeatureClass" Date="20211022" Time="140006">FeatureClassToFeatureClass Project_1_SquareFinal "C:\Users\JAKSUDRAR\OneDrive - JT International\Documents\ArcGIS\Projects\Square Coverage Analysis_Draft\Square Coverage Analysis_Draft.gdb" Sumatera_Square # "PageName "PageName" true true false 255 Text 0 0,First,#,Project_1_SquareFinal,Project_1_GridIndexFeatures.PageName,0,255;PageNumber "PageNumber" true true false 4 Long 0 0,First,#,Project_1_SquareFinal,Project_1_GridIndexFeatures.PageNumber,-1,-1;Shape_Length "Shape_Length" false true true 8 Double 0 0,First,#,Project_1_SquareFinal,Project_1_GridIndexFeatures.Shape_Length,-1,-1;Shape_Area "Shape_Area" false true true 8 Double 0 0,First,#,Project_1_SquareFinal,Project_1_GridIndexFeatures.Shape_Area,-1,-1;OBJECTID "OBJECTID" false true false 4 Long 0 9,First,#,Project_1_SquareFinal,Project1_SquareUpdate_Final.OBJECTID,-1,-1;FID_Projec "FID_Projec" true true false 4 Long 0 0,First,#,Project_1_SquareFinal,Project1_SquareUpdate_Final.FID_Projec,-1,-1;PageName_1 "PageName" true true false 255 Text 0 0,First,#,Project_1_SquareFinal,Project1_SquareUpdate_Final.PageName,0,255;PageNumber_1 "PageNumber" true true false 4 Long 0 0,First,#,Project_1_SquareFinal,Project1_SquareUpdate_Final.PageNumber,-1,-1;Dist__Mode "Dist__Mode" true true false 255 Text 0 0,First,#,Project_1_SquareFinal,Project1_SquareUpdate_Final.Dist__Mode,0,255;Area_Offic "Area_Offic" true true false 255 Text 0 0,First,#,Project_1_SquareFinal,Project1_SquareUpdate_Final.Area_Offic,0,255;DSO_DSD__F "DSO_DSD__F" true true false 255 Text 0 0,First,#,Project_1_SquareFinal,Project1_SquareUpdate_Final.DSO_DSD__F,0,255;Project_Na "Project_Na" true true false 255 Text 0 0,First,#,Project_1_SquareFinal,Project1_SquareUpdate_Final.Project_Na,0,255;Square_Code "Square_Code" true true false 255 Text 0 0,First,#,Project_1_SquareFinal,Project1_SquareUpdate_Final.Square_Code,0,255" #</Process><Process ToolSource="c:\program files\arcgis\pro\Resources\ArcToolbox\toolboxes\Data Management Tools.tbx\DeleteField" Date="20211022" Time="140042">DeleteField Sumatera_Square OBJECTID</Process><Process ToolSource="c:\program files\arcgis\pro\Resources\ArcToolbox\toolboxes\Data Management Tools.tbx\DeleteField" Date="20211022" Time="140107">DeleteField Sumatera_Square FID_Projec</Process><Process ToolSource="c:\program files\arcgis\pro\Resources\ArcToolbox\toolboxes\Data Management Tools.tbx\DeleteField" Date="20211022" Time="140130">DeleteField Sumatera_Square PageName_1</Process><Process ToolSource="c:\program files\arcgis\pro\Resources\ArcToolbox\toolboxes\Data Management Tools.tbx\DeleteField" Date="20211022" Time="140153">DeleteField Sumatera_Square PageNumber_1</Process><Process ToolSource="c:\program files\arcgis\pro\Resources\ArcToolbox\toolboxes\Data Management Tools.tbx\CopyFeatures" Date="20211022" Time="140414">CopyFeatures Sumatera_Square "C:\Arlan File\JTI\RTM\Project\Project-Even\Square_Project\Sumatera-Square\Sumatera_Square.shp" # # # #</Process><Process ToolSource="c:\program files\arcgis\pro\Resources\ArcToolbox\toolboxes\Conversion Tools.tbx\ExportFeatures" Date="20240706" Time="105638">ExportFeatures "Sumatera_Square selection" "C:\Users\JAKKARTID\OneDrive - JT International\Documents - Strategic and Business Insight\Project and Report details - GBS &amp; IT\GIS Project\Dataset for GIS Dashboard\Square.shp\Sumatera-Square 3\Sumatera-Square-Join2.shp" # NOT_USE_ALIAS "PageName "PageName" true true false 254 Text 0 0,First,#,Sumatera_Square selection,Sumatera_Square.PageName,0,253;PageNumber "PageNumber" true true false 10 Long 0 10,First,#,Sumatera_Square selection,Sumatera_Square.PageNumber,-1,-1;Dist__Mode "Dist__Mode" true true false 254 Text 0 0,First,#,Sumatera_Square selection,Sumatera_Square.Dist__Mode,0,253;DSO_DSD__F "DSO_DSD__F" true true false 254 Text 0 0,First,#,Sumatera_Square selection,Sumatera_Square.DSO_DSD__F,0,253;Project_Na "Project_Na" true true false 254 Text 0 0,First,#,Sumatera_Square selection,Sumatera_Square.Project_Na,0,253;Square_Cod "Square_Cod" true true false 254 Text 0 0,First,#,Sumatera_Square selection,Sumatera_Square.Square_Cod,0,253;Shape_Leng "Shape_Leng" true true false 19 Double 0 0,First,#,Sumatera_Square selection,Sumatera_Square.Shape_Leng,-1,-1;Shape_Area "Shape_Area" true true false 19 Double 0 0,First,#,Sumatera_Square selection,Sumatera_Square.Shape_Area,-1,-1;Id Workplace "Id Workplace" true true false 8000 Text 0 0,First,#,Sumatera_Square selection,Square Survey - Comsumption Potential.csv.Id Workplace,0,7999;Nama WorkPlace "Nama WorkPlace" true true false 8000 Text 0 0,First,#,Sumatera_Square selection,Square Survey - Comsumption Potential.csv.Nama WorkPlace,0,7999;Cluster "Cluster" true true false 8000 Text 0 0,First,#,Sumatera_Square selection,Square Survey - Comsumption Potential.csv.Cluster,0,7999;Region "Region" true true false 8000 Text 0 0,First,#,Sumatera_Square selection,Square Survey - Comsumption Potential.csv.Region,0,7999;Square_Cod "Square_Cod" true true false 8000 Text 0 0,First,#,Sumatera_Square selection,Square Survey - Comsumption Potential.csv.Square_Cod,0,7999;SPM "SPM" true true false 8000 Text 0 0,First,#,Sumatera_Square selection,Square Survey - Comsumption Potential.csv.SPM,0,7999;CMY "CMY" true true false 8000 Text 0 0,First,#,Sumatera_Square selection,Square Survey - Comsumption Potential.csv.CMY,0,7999;CMY100 "CMY100" true true false 8000 Text 0 0,First,#,Sumatera_Square selection,Square Survey - Comsumption Potential.csv.CMY100,0,7999;CMW "CMW" true true false 8000 Text 0 0,First,#,Sumatera_Square selection,Square Survey - Comsumption Potential.csv.CMW,0,7999;CMA "CMA" true true false 8000 Text 0 0,First,#,Sumatera_Square selection,Square Survey - Comsumption Potential.csv.CMA,0,7999;MBO Red 20 "MBO Red 20" true true false 8000 Text 0 0,First,#,Sumatera_Square selection,Square Survey - Comsumption Potential.csv.MBO Red 20,0,7999;MBO White 20 "MBO White 20" true true false 8000 Text 0 0,First,#,Sumatera_Square selection,Square Survey - Comsumption Potential.csv.MBO White 20,0,7999;MBO Ice Burst 20 "MBO Ice Burst 20" true true false 8000 Text 0 0,First,#,Sumatera_Square selection,Square Survey - Comsumption Potential.csv.MBO Ice Burst 20,0,7999;Lucky strike 20 (All) "Lucky strike 20 (All)" true true false 8000 Text 0 0,First,#,Sumatera_Square selection,Square Survey - Comsumption Potential.csv.Lucky strike 20 (All),0,7999;Square Update "Square Update" true true false 8000 Text 0 0,First,#,Sumatera_Square selection,Square Survey - Comsumption Potential.csv.Square Update,0,7999" #</Process><Process ToolSource="c:\program files\arcgis\pro\Resources\ArcToolbox\toolboxes\Data Management Tools.tbx\DeleteField" Date="20240706" Time="105701">DeleteField Sumatera-Square-Join2 DSO_DSD__F "Delete Fields"</Process><Process ToolSource="c:\program files\arcgis\pro\Resources\ArcToolbox\toolboxes\Conversion Tools.tbx\ExportFeatures" Date="20240711" Time="141045">ExportFeatures Sumatera-Square-Join2 "C:\Users\JAKKARTID\OneDrive - JT International\Documents - Strategic and Business Insight\Project and Report details - GBS &amp; IT\GIS Project\Dataset for GIS Dashboard\Square.shp\Sumatera-Square 3\Sumatera-Square-Join-H1'24.shp" # NOT_USE_ALIAS "PageName "PageName" true true false 254 Text 0 0,First,#,Sumatera-Square-Join2,Sumatera-Square-Join2.PageName,0,253;PageNumber "PageNumber" true true false 10 Long 0 10,First,#,Sumatera-Square-Join2,Sumatera-Square-Join2.PageNumber,-1,-1;Dist__Mode "Dist__Mode" true true false 254 Text 0 0,First,#,Sumatera-Square-Join2,Sumatera-Square-Join2.Dist__Mode,0,253;Project_Na "Project_Na" true true false 254 Text 0 0,First,#,Sumatera-Square-Join2,Sumatera-Square-Join2.Project_Na,0,253;Square_Cod "Square_Cod" true true false 254 Text 0 0,First,#,Sumatera-Square-Join2,Sumatera-Square-Join2.Square_Cod,0,253;Shape_Leng "Shape_Leng" true true false 19 Double 0 0,First,#,Sumatera-Square-Join2,Sumatera-Square-Join2.Shape_Leng,-1,-1;Shape_Area "Shape_Area" true true false 19 Double 0 0,First,#,Sumatera-Square-Join2,Sumatera-Square-Join2.Shape_Area,-1,-1;Id_Workpla "Id_Workpla" true true false 254 Text 0 0,First,#,Sumatera-Square-Join2,Sumatera-Square-Join2.Id_Workpla,0,253;Nama_WorkP "Nama_WorkP" true true false 254 Text 0 0,First,#,Sumatera-Square-Join2,Sumatera-Square-Join2.Nama_WorkP,0,253;Cluster "Cluster" true true false 254 Text 0 0,First,#,Sumatera-Square-Join2,Sumatera-Square-Join2.Cluster,0,253;Region "Region" true true false 254 Text 0 0,First,#,Sumatera-Square-Join2,Sumatera-Square-Join2.Region,0,253;Square_C_1 "Square_C_1" true true false 254 Text 0 0,First,#,Sumatera-Square-Join2,Sumatera-Square-Join2.Square_C_1,0,253;SPM "SPM" true true false 254 Text 0 0,First,#,Sumatera-Square-Join2,Sumatera-Square-Join2.SPM,0,253;CMY "CMY" true true false 254 Text 0 0,First,#,Sumatera-Square-Join2,Sumatera-Square-Join2.CMY,0,253;CMY100 "CMY100" true true false 254 Text 0 0,First,#,Sumatera-Square-Join2,Sumatera-Square-Join2.CMY100,0,253;CMW "CMW" true true false 254 Text 0 0,First,#,Sumatera-Square-Join2,Sumatera-Square-Join2.CMW,0,253;CMA "CMA" true true false 254 Text 0 0,First,#,Sumatera-Square-Join2,Sumatera-Square-Join2.CMA,0,253;MBO_Red_20 "MBO_Red_20" true true false 254 Text 0 0,First,#,Sumatera-Square-Join2,Sumatera-Square-Join2.MBO_Red_20,0,253;MBO_White_ "MBO_White_" true true false 254 Text 0 0,First,#,Sumatera-Square-Join2,Sumatera-Square-Join2.MBO_White_,0,253;MBO_Ice_Bu "MBO_Ice_Bu" true true false 254 Text 0 0,First,#,Sumatera-Square-Join2,Sumatera-Square-Join2.MBO_Ice_Bu,0,253;Lucky_stri "Lucky_stri" true true false 254 Text 0 0,First,#,Sumatera-Square-Join2,Sumatera-Square-Join2.Lucky_stri,0,253;Square_Upd "Square_Upd" true true false 254 Text 0 0,First,#,Sumatera-Square-Join2,Sumatera-Square-Join2.Square_Upd,0,253;Square Update "Square Update" true true false 8000 Text 0 0,First,#,Sumatera-Square-Join2,Square Naming.csv.Square Update,0,7999;Segment "Segment" true true false 8000 Text 0 0,First,#,Sumatera-Square-Join2,Square Naming.csv.Segment,0,7999;Square "Square" true true false 8000 Text 0 0,First,#,Sumatera-Square-Join2,Square Naming.csv.Square,0,7999" #</Process></lineage><itemProps><itemName Sync="TRUE">Sumatera-Square-Join-H1'24</itemName><imsContentType Sync="TRUE">002</imsContentType><itemSize Sync="TRUE">0.000</itemSize><itemLocation><linkage Sync="TRUE">file://\\WJAK-W10-AP5HIK\C$\Users\JAKKARTID\OneDrive - JT International\Documents - Strategic and Business Insight\Project and Report details - GBS &amp; IT\GIS Project\Dataset for GIS Dashboard\Square.shp\Sumatera-Square 3\Sumatera-Square-Join-H1'24.shp</linkage><protocol Sync="TRUE">Local Area Network</protocol></itemLocation></itemProps><coordRef><type Sync="TRUE">Geographic</type><geogcsn Sync="TRUE">GCS_Hartebeesthoek_1994</geogcsn><csUnits Sync="TRUE">Angular Unit: Degree (0.017453)</csUnits><peXml Sync="TRUE">&lt;GeographicCoordinateSystem xsi:type='typens:GeographicCoordinateSystem' xmlns:xsi='http://www.w3.org/2001/XMLSchema-instance' xmlns:xs='http://www.w3.org/2001/XMLSchema' xmlns:typens='http://www.esri.com/schemas/ArcGIS/3.3.0'&gt;&lt;WKT&gt;GEOGCS[&amp;quot;GCS_Hartebeesthoek_1994&amp;quot;,DATUM[&amp;quot;D_Hartebeesthoek_1994&amp;quot;,SPHEROID[&amp;quot;WGS_1984&amp;quot;,6378137.0,298.257223563]],PRIMEM[&amp;quot;Greenwich&amp;quot;,0.0],UNIT[&amp;quot;Degree&amp;quot;,0.0174532925199433],AUTHORITY[&amp;quot;EPSG&amp;quot;,4148]]&lt;/WKT&gt;&lt;XOrigin&gt;-400&lt;/XOrigin&gt;&lt;YOrigin&gt;-400&lt;/YOrigin&gt;&lt;XYScale&gt;11258999068426.238&lt;/XYScale&gt;&lt;ZOrigin&gt;-100000&lt;/ZOrigin&gt;&lt;ZScale&gt;10000&lt;/ZScale&gt;&lt;MOrigin&gt;-100000&lt;/MOrigin&gt;&lt;MScale&gt;10000&lt;/MScale&gt;&lt;XYTolerance&gt;8.983152841195215e-09&lt;/XYTolerance&gt;&lt;ZTolerance&gt;0.001&lt;/ZTolerance&gt;&lt;MTolerance&gt;0.001&lt;/MTolerance&gt;&lt;HighPrecision&gt;true&lt;/HighPrecision&gt;&lt;LeftLongitude&gt;-180&lt;/LeftLongitude&gt;&lt;WKID&gt;4148&lt;/WKID&gt;&lt;LatestWKID&gt;4148&lt;/LatestWKID&gt;&lt;/GeographicCoordinateSystem&gt;</peXml></coordRef></DataProperties><SyncDate>20240711</SyncDate><SyncTime>14104400</SyncTime><ModDate>20240711</ModDate><ModTime>14104400</ModTime></Esri><dataIdInfo><envirDesc Sync="TRUE">Microsoft Windows 10 Version 10.0 (Build 22631) ; Esri ArcGIS 13.3.0.52636</envirDesc><dataLang><languageCode value="eng" Sync="TRUE"></languageCode><countryCode value="IDN" Sync="TRUE"></countryCode></dataLang><idCitation><resTitle Sync="TRUE">Sumatera-Square-Join-H1'24</resTitle><presForm><PresFormCd value="005" Sync="TRUE"></PresFormCd></presForm></idCitation><spatRpType><SpatRepTypCd value="001" Sync="TRUE"></SpatRepTypCd></spatRpType></dataIdInfo><mdLang><languageCode value="eng" Sync="TRUE"></languageCode><countryCode value="IDN" Sync="TRUE"></countryCode></mdLang><distInfo><distFormat><formatName Sync="TRUE">Shapefile</formatName></distFormat><distTranOps><transSize Sync="TRUE">0.000</transSize></distTranOps></distInfo><mdHrLv><ScopeCd value="005" Sync="TRUE"></ScopeCd></mdHrLv><mdHrLvName Sync="TRUE">dataset</mdHrLvName><refSysInfo><RefSystem><refSysID><identCode code="4148" Sync="TRUE"></identCode><idCodeSpace Sync="TRUE">EPSG</idCodeSpace><idVersion Sync="TRUE">4.5(8.1.0)</idVersion></refSysID></RefSystem></refSysInfo><spatRepInfo><VectSpatRep><geometObjs Name="Sumatera-Square-Join-H1'24"><geoObjTyp><GeoObjTypCd value="002" Sync="TRUE"></GeoObjTypCd></geoObjTyp><geoObjCnt Sync="TRUE">0</geoObjCnt></geometObjs><topLvl><TopoLevCd value="001" Sync="TRUE"></TopoLevCd></topLvl></VectSpatRep></spatRepInfo><spdoinfo><ptvctinf><esriterm Name="Sumatera-Square-Join-H1'24"><efeatyp Sync="TRUE">Simple</efeatyp><efeageom code="4" Sync="TRUE"></efeageom><esritopo Sync="TRUE">FALSE</esritopo><efeacnt Sync="TRUE">0</efeacnt><spindex Sync="TRUE">FALSE</spindex><linrefer Sync="TRUE">FALSE</linrefer></esriterm></ptvctinf></spdoinfo><eainfo><detailed Name="Sumatera-Square-Join-H1'24"><enttyp><enttypl Sync="TRUE">Sumatera-Square-Join-H1'24</enttypl><enttypt Sync="TRUE">Feature Class</enttypt><enttypc Sync="TRUE">0</enttypc></enttyp><attr><attrlabl Sync="TRUE">FID</attrlabl><attalias Sync="TRUE">FID</attalias><attrtype Sync="TRUE">OID</attrtype><attwidth Sync="TRUE">4</attwidth><atprecis Sync="TRUE">0</atprecis><attscale Sync="TRUE">0</attscale><attrdef Sync="TRUE">Internal feature number.</attrdef><attrdefs Sync="TRUE">Esri</attrdefs><attrdomv><udom Sync="TRUE">Sequential unique whole numbers that are automatically generated.</udom></attrdomv></attr><attr><attrlabl Sync="TRUE">Shape</attrlabl><attalias Sync="TRUE">Shape</attalias><attrtype Sync="TRUE">Geometry</attrtype><attwidth Sync="TRUE">0</attwidth><atprecis Sync="TRUE">0</atprecis><attscale Sync="TRUE">0</attscale><attrdef Sync="TRUE">Feature geometry.</attrdef><attrdefs Sync="TRUE">Esri</attrdefs><attrdomv><udom Sync="TRUE">Coordinates defining the features.</udom></attrdomv></attr><attr><attrlabl Sync="TRUE">PageName</attrlabl><attalias Sync="TRUE">PageName</attalias><attrtype Sync="TRUE">String</attrtype><attwidth Sync="TRUE">254</attwidth><atprecis Sync="TRUE">0</atprecis><attscale Sync="TRUE">0</attscale></attr><attr><attrlabl Sync="TRUE">PageNumber</attrlabl><attalias Sync="TRUE">PageNumber</attalias><attrtype Sync="TRUE">Integer</attrtype><attwidth Sync="TRUE">10</attwidth><atprecis Sync="TRUE">10</atprecis><attscale Sync="TRUE">0</attscale></attr><attr><attrlabl Sync="TRUE">Dist__Mode</attrlabl><attalias Sync="TRUE">Dist__Mode</attalias><attrtype Sync="TRUE">String</attrtype><attwidth Sync="TRUE">254</attwidth><atprecis Sync="TRUE">0</atprecis><attscale Sync="TRUE">0</attscale></attr><attr><attrlabl Sync="TRUE">Project_Na</attrlabl><attalias Sync="TRUE">Project_Na</attalias><attrtype Sync="TRUE">String</attrtype><attwidth Sync="TRUE">254</attwidth><atprecis Sync="TRUE">0</atprecis><attscale Sync="TRUE">0</attscale></attr><attr><attrlabl Sync="TRUE">Square_Cod</attrlabl><attalias Sync="TRUE">Square_Cod</attalias><attrtype Sync="TRUE">String</attrtype><attwidth Sync="TRUE">254</attwidth><atprecis Sync="TRUE">0</atprecis><attscale Sync="TRUE">0</attscale></attr><attr><attrlabl Sync="TRUE">Shape_Leng</attrlabl><attalias Sync="TRUE">Shape_Leng</attalias><attrtype Sync="TRUE">Double</attrtype><attwidth Sync="TRUE">19</attwidth><atprecis Sync="TRUE">0</atprecis><attscale Sync="TRUE">0</attscale></attr><attr><attrlabl Sync="TRUE">Shape_Area</attrlabl><attalias Sync="TRUE">Shape_Area</attalias><attrtype Sync="TRUE">Double</attrtype><attwidth Sync="TRUE">19</attwidth><atprecis Sync="TRUE">0</atprecis><attscale Sync="TRUE">0</attscale><attrdef Sync="TRUE">Area of feature in internal units squared.</attrdef><attrdefs Sync="TRUE">Esri</attrdefs><attrdomv><udom Sync="TRUE">Positive real numbers that are automatically generated.</udom></attrdomv></attr><attr><attrlabl Sync="TRUE">Id_Workpla</attrlabl><attalias Sync="TRUE">Id_Workpla</attalias><attrtype Sync="TRUE">String</attrtype><attwidth Sync="TRUE">254</attwidth><atprecis Sync="TRUE">0</atprecis><attscale Sync="TRUE">0</attscale></attr><attr><attrlabl Sync="TRUE">Nama_WorkP</attrlabl><attalias Sync="TRUE">Nama_WorkP</attalias><attrtype Sync="TRUE">String</attrtype><attwidth Sync="TRUE">254</attwidth><atprecis Sync="TRUE">0</atprecis><attscale Sync="TRUE">0</attscale></attr><attr><attrlabl Sync="TRUE">Cluster</attrlabl><attalias Sync="TRUE">Cluster</attalias><attrtype Sync="TRUE">String</attrtype><attwidth Sync="TRUE">254</attwidth><atprecis Sync="TRUE">0</atprecis><attscale Sync="TRUE">0</attscale></attr><attr><attrlabl Sync="TRUE">Region</attrlabl><attalias Sync="TRUE">Region</attalias><attrtype Sync="TRUE">String</attrtype><attwidth Sync="TRUE">254</attwidth><atprecis Sync="TRUE">0</atprecis><attscale Sync="TRUE">0</attscale></attr><attr><attrlabl Sync="TRUE">Square_C_1</attrlabl><attalias Sync="TRUE">Square_C_1</attalias><attrtype Sync="TRUE">String</attrtype><attwidth Sync="TRUE">254</attwidth><atprecis Sync="TRUE">0</atprecis><attscale Sync="TRUE">0</attscale></attr><attr><attrlabl Sync="TRUE">SPM</attrlabl><attalias Sync="TRUE">SPM</attalias><attrtype Sync="TRUE">String</attrtype><attwidth Sync="TRUE">254</attwidth><atprecis Sync="TRUE">0</atprecis><attscale Sync="TRUE">0</attscale></attr><attr><attrlabl Sync="TRUE">CMY</attrlabl><attalias Sync="TRUE">CMY</attalias><attrtype Sync="TRUE">String</attrtype><attwidth Sync="TRUE">254</attwidth><atprecis Sync="TRUE">0</atprecis><attscale Sync="TRUE">0</attscale></attr><attr><attrlabl Sync="TRUE">CMY100</attrlabl><attalias Sync="TRUE">CMY100</attalias><attrtype Sync="TRUE">String</attrtype><attwidth Sync="TRUE">254</attwidth><atprecis Sync="TRUE">0</atprecis><attscale Sync="TRUE">0</attscale></attr><attr><attrlabl Sync="TRUE">CMW</attrlabl><attalias Sync="TRUE">CMW</attalias><attrtype Sync="TRUE">String</attrtype><attwidth Sync="TRUE">254</attwidth><atprecis Sync="TRUE">0</atprecis><attscale Sync="TRUE">0</attscale></attr><attr><attrlabl Sync="TRUE">CMA</attrlabl><attalias Sync="TRUE">CMA</attalias><attrtype Sync="TRUE">String</attrtype><attwidth Sync="TRUE">254</attwidth><atprecis Sync="TRUE">0</atprecis><attscale Sync="TRUE">0</attscale></attr><attr><attrlabl Sync="TRUE">MBO_Red_20</attrlabl><attalias Sync="TRUE">MBO_Red_20</attalias><attrtype Sync="TRUE">String</attrtype><attwidth Sync="TRUE">254</attwidth><atprecis Sync="TRUE">0</atprecis><attscale Sync="TRUE">0</attscale></attr><attr><attrlabl Sync="TRUE">MBO_White_</attrlabl><attalias Sync="TRUE">MBO_White_</attalias><attrtype Sync="TRUE">String</attrtype><attwidth Sync="TRUE">254</attwidth><atprecis Sync="TRUE">0</atprecis><attscale Sync="TRUE">0</attscale></attr><attr><attrlabl Sync="TRUE">MBO_Ice_Bu</attrlabl><attalias Sync="TRUE">MBO_Ice_Bu</attalias><attrtype Sync="TRUE">String</attrtype><attwidth Sync="TRUE">254</attwidth><atprecis Sync="TRUE">0</atprecis><attscale Sync="TRUE">0</attscale></attr><attr><attrlabl Sync="TRUE">Lucky_stri</attrlabl><attalias Sync="TRUE">Lucky_stri</attalias><attrtype Sync="TRUE">String</attrtype><attwidth Sync="TRUE">254</attwidth><atprecis Sync="TRUE">0</atprecis><attscale Sync="TRUE">0</attscale></attr><attr><attrlabl Sync="TRUE">Square_Upd</attrlabl><attalias Sync="TRUE">Square_Upd</attalias><attrtype Sync="TRUE">String</attrtype><attwidth Sync="TRUE">254</attwidth><atprecis Sync="TRUE">0</atprecis><attscale Sync="TRUE">0</attscale></attr><attr><attrlabl Sync="TRUE">Square_U_1</attrlabl><attalias Sync="TRUE">Square_U_1</attalias><attrtype Sync="TRUE">String</attrtype><attwidth Sync="TRUE">254</attwidth><atprecis Sync="TRUE">0</atprecis><attscale Sync="TRUE">0</attscale></attr><attr><attrlabl Sync="TRUE">Segment</attrlabl><attalias Sync="TRUE">Segment</attalias><attrtype Sync="TRUE">String</attrtype><attwidth Sync="TRUE">254</attwidth><atprecis Sync="TRUE">0</atprecis><attscale Sync="TRUE">0</attscale></attr><attr><attrlabl Sync="TRUE">Square</attrlabl><attalias Sync="TRUE">Square</attalias><attrtype Sync="TRUE">String</attrtype><attwidth Sync="TRUE">254</attwidth><atprecis Sync="TRUE">0</atprecis><attscale Sync="TRUE">0</attscale></attr></detailed></eainfo><mdDateSt Sync="TRUE">20240711</mdDateSt></metadata>
