<metadata xml:lang="en"><Esri><CreaDate>20210908</CreaDate><CreaTime>11545700</CreaTime><ArcGISFormat>1.0</ArcGISFormat><SyncOnce>FALSE</SyncOnce><DataProperties><lineage><Process ToolSource="c:\program files\arcgis\pro\Resources\ArcToolbox\toolboxes\Cartography Tools.tbx\GridIndexFeatures" Date="20210908" Time="115457">GridIndexFeatures "C:\Users\JAKSUDRAR\OneDrive - JT International\Documents\ArcGIS\Projects\Square Coverage Analysis_Draft\Square Coverage Analysis_Draft.gdb\Project_4_GridIndexFeatures" Project_4 INTERSECTFEATURE NO_USEPAGEUNIT # "1 Kilometers" "1 Kilometers" "117.03848300039 -9.12036299985249" 1634 2667 1 NO_LABELFROMORIGIN</Process><Process ToolSource="c:\program files\arcgis\pro\Resources\ArcToolbox\toolboxes\Analysis Tools.tbx\Intersect" Date="20210908" Time="122208">Intersect "Project_4_Square #;Project_4 #" "C:\Users\JAKSUDRAR\OneDrive - JT International\Documents\ArcGIS\Projects\Square Coverage Analysis_Draft\Square Coverage Analysis_Draft.gdb\Project_4_Square_Intersect" "All attributes" # "Same as input"</Process><Process ToolSource="c:\program files\arcgis\pro\Resources\ArcToolbox\toolboxes\Conversion Tools.tbx\FeatureClassToFeatureClass" Date="20211221" Time="173517">FeatureClassToFeatureClass Project_4_Square_Intersect "C:\Users\JAKSUDRAR\OneDrive - JT International\Documents\ArcGIS\Projects\Square Coverage Analysis_Draft\Square Coverage Analysis_Draft.gdb" Eastern_Square "Project_4_Square_Intersect.Project_Name = 'Project_4'" "FID_Project_4_GridIndexFeatures "FID_Project_4_GridIndexFeatures" true true false 4 Long 0 0,First,#,Project_4_Square_Intersect,Project_4_Square_Intersect.FID_Project_4_GridIndexFeatures,-1,-1;PageName "PageName" true true false 255 Text 0 0,First,#,Project_4_Square_Intersect,Project_4_Square_Intersect.PageName,0,255;PageNumber "PageNumber" true true false 4 Long 0 0,First,#,Project_4_Square_Intersect,Project_4_Square_Intersect.PageNumber,-1,-1;FID_Project_4 "FID_Project_4" true true false 4 Long 0 0,First,#,Project_4_Square_Intersect,Project_4_Square_Intersect.FID_Project_4,-1,-1;Kecamatan_ "Kecamatan_" true true false 4 Long 0 0,First,#,Project_4_Square_Intersect,Project_4_Square_Intersect.Kecamatan_,-1,-1;OBJECTID "OBJECTID" true true false 4 Long 0 0,First,#,Project_4_Square_Intersect,Project_4_Square_Intersect.OBJECTID,-1,-1;Code_District "Code District" true true false 4 Long 0 0,First,#,Project_4_Square_Intersect,Project_4_Square_Intersect.Code_District,-1,-1;Kecamatan___District "Kecamatan / District" true true false 255 Text 0 0,First,#,Project_4_Square_Intersect,Project_4_Square_Intersect.Kecamatan___District,0,255;City__Kabupaten "City/ Kabupaten" true true false 255 Text 0 0,First,#,Project_4_Square_Intersect,Project_4_Square_Intersect.City__Kabupaten,0,255;Province "Province" true true false 255 Text 0 0,First,#,Project_4_Square_Intersect,Project_4_Square_Intersect.Province,0,255;REGION "REGION" true true false 255 Text 0 0,First,#,Project_4_Square_Intersect,Project_4_Square_Intersect.REGION,0,255;Status "Status" true true false 255 Text 0 0,First,#,Project_4_Square_Intersect,Project_4_Square_Intersect.Status,0,255;Dist__Model_Territory "Dist. Model Territory" true true false 255 Text 0 0,First,#,Project_4_Square_Intersect,Project_4_Square_Intersect.Dist__Model_Territory,0,255;Area_Office__Following_JTI_Territory_ "Area Office (Following JTI Territory)" true true false 255 Text 0 0,First,#,Project_4_Square_Intersect,Project_4_Square_Intersect.Area_Office__Following_JTI_Territory_,0,255;DSO_DSD__Following_JTI_Territory_ "DSO/DSD (Following JTI Territory)" true true false 255 Text 0 0,First,#,Project_4_Square_Intersect,Project_4_Square_Intersect.DSO_DSD__Following_JTI_Territory_,0,255;Project_Name "Project_Name" true true false 255 Text 0 0,First,#,Project_4_Square_Intersect,Project_4_Square_Intersect.Project_Name,0,255;Shape_Length "Shape_Length" false true true 8 Double 0 0,First,#,Project_4_Square_Intersect,Project_4_Square_Intersect.Shape_Length,-1,-1;Shape_Area "Shape_Area" false true true 8 Double 0 0,First,#,Project_4_Square_Intersect,Project_4_Square_Intersect.Shape_Area,-1,-1;OBJECTID "OBJECTID" false true false 4 Long 0 9,First,#,Project_4_Square_Intersect,Project4_Final_ExcelToTable1.OBJECTID,-1,-1;FID_Projec "FID_Projec" true true false 4 Long 0 0,First,#,Project_4_Square_Intersect,Project4_Final_ExcelToTable1.FID_Projec,-1,-1;PageName "PageName" true true false 255 Text 0 0,First,#,Project_4_Square_Intersect,Project4_Final_ExcelToTable1.PageName,0,255;PageNumber "PageNumber" true true false 4 Long 0 0,First,#,Project_4_Square_Intersect,Project4_Final_ExcelToTable1.PageNumber,-1,-1;Dist__Mode "Dist__Mode" true true false 255 Text 0 0,First,#,Project_4_Square_Intersect,Project4_Final_ExcelToTable1.Dist__Mode,0,255;Area_Offic "Area_Offic" true true false 255 Text 0 0,First,#,Project_4_Square_Intersect,Project4_Final_ExcelToTable1.Area_Offic,0,255;DSO_DSD__F "DSO_DSD__F" true true false 255 Text 0 0,First,#,Project_4_Square_Intersect,Project4_Final_ExcelToTable1.DSO_DSD__F,0,255;Project_Na "Project_Na" true true false 255 Text 0 0,First,#,Project_4_Square_Intersect,Project4_Final_ExcelToTable1.Project_Na,0,255;Square_Code "Square_Code" true true false 255 Text 0 0,First,#,Project_4_Square_Intersect,Project4_Final_ExcelToTable1.Square_Code,0,255" #</Process><Process ToolSource="c:\program files\arcgis\pro\Resources\ArcToolbox\toolboxes\Data Management Tools.tbx\UpdateSchema" Date="20211221" Time="174345">UpdateSchema "CIMDATA=&lt;CIMStandardDataConnection xsi:type='typens:CIMStandardDataConnection' xmlns:xsi='http://www.w3.org/2001/XMLSchema-instance' xmlns:xs='http://www.w3.org/2001/XMLSchema' xmlns:typens='http://www.esri.com/schemas/ArcGIS/2.9.0'&gt;&lt;WorkspaceConnectionString&gt;DATABASE=C:\Users\JAKSUDRAR\OneDrive - JT International\Documents\ArcGIS\Projects\Square Coverage Analysis_Draft\Square Coverage Analysis_Draft.gdb&lt;/WorkspaceConnectionString&gt;&lt;WorkspaceFactory&gt;FileGDB&lt;/WorkspaceFactory&gt;&lt;Dataset&gt;Eastern_Square&lt;/Dataset&gt;&lt;DatasetType&gt;esriDTFeatureClass&lt;/DatasetType&gt;&lt;/CIMStandardDataConnection&gt;" &lt;operationSequence&gt;&lt;workflow&gt;&lt;DeleteField&gt;&lt;field_name&gt;FID_Project_4_GridIndexFeatures&lt;/field_name&gt;&lt;field_name&gt;FID_Project_4&lt;/field_name&gt;&lt;field_name&gt;Kecamatan_&lt;/field_name&gt;&lt;field_name&gt;OBJECTID&lt;/field_name&gt;&lt;field_name&gt;Code_District&lt;/field_name&gt;&lt;field_name&gt;Kecamatan___District&lt;/field_name&gt;&lt;field_name&gt;City__Kabupaten&lt;/field_name&gt;&lt;field_name&gt;Province&lt;/field_name&gt;&lt;field_name&gt;REGION&lt;/field_name&gt;&lt;field_name&gt;Status&lt;/field_name&gt;&lt;field_name&gt;Dist__Model_Territory&lt;/field_name&gt;&lt;field_name&gt;OBJECTID_1&lt;/field_name&gt;&lt;field_name&gt;FID_Projec&lt;/field_name&gt;&lt;field_name&gt;PageName_1&lt;/field_name&gt;&lt;field_name&gt;PageNumber_1&lt;/field_name&gt;&lt;field_name&gt;Dist__Mode&lt;/field_name&gt;&lt;field_name&gt;Area_Offic&lt;/field_name&gt;&lt;field_name&gt;DSO_DSD__F&lt;/field_name&gt;&lt;field_name&gt;Project_Na&lt;/field_name&gt;&lt;/DeleteField&gt;&lt;/workflow&gt;&lt;/operationSequence&gt;</Process><Process ToolSource="c:\program files\arcgis\pro\Resources\ArcToolbox\toolboxes\Data Management Tools.tbx\CopyFeatures" Date="20211221" Time="174803">CopyFeatures Eastern_Square "C:\Arlan File\JTI\RTM\Project\Project-Even\Square_Project\Eastern_Square\Eastern_Square.shp" # # # #</Process><Process ToolSource="c:\program files\arcgis\pro\Resources\ArcToolbox\toolboxes\Conversion Tools.tbx\ExportFeatures" Date="20240706" Time="105933">ExportFeatures "Eastern_Square selection" "C:\Users\JAKKARTID\OneDrive - JT International\Documents - Strategic and Business Insight\Project and Report details - GBS &amp; IT\GIS Project\Dataset for GIS Dashboard\Square.shp\Eastern_Square 2\Eastern_Square\Eastern_Square-Join.shp" # NOT_USE_ALIAS "PageName "PageName" true true false 254 Text 0 0,First,#,Eastern_Square selection,Eastern_Square.PageName,0,253;PageNumber "PageNumber" true true false 10 Long 0 10,First,#,Eastern_Square selection,Eastern_Square.PageNumber,-1,-1;Area_Offic "Area_Offic" true true false 254 Text 0 0,First,#,Eastern_Square selection,Eastern_Square.Area_Offic,0,253;DSO_DSD__F "DSO_DSD__F" true true false 254 Text 0 0,First,#,Eastern_Square selection,Eastern_Square.DSO_DSD__F,0,253;Project_Na "Project_Na" true true false 254 Text 0 0,First,#,Eastern_Square selection,Eastern_Square.Project_Na,0,253;Square_Cod "Square_Cod" true true false 254 Text 0 0,First,#,Eastern_Square selection,Eastern_Square.Square_Cod,0,253;Shape_Leng "Shape_Leng" true true false 19 Double 0 0,First,#,Eastern_Square selection,Eastern_Square.Shape_Leng,-1,-1;Shape_Area "Shape_Area" true true false 19 Double 0 0,First,#,Eastern_Square selection,Eastern_Square.Shape_Area,-1,-1;Id Workplace "Id Workplace" true true false 8000 Text 0 0,First,#,Eastern_Square selection,Square Survey - Comsumption Potential.csv.Id Workplace,0,7999;Nama WorkPlace "Nama WorkPlace" true true false 8000 Text 0 0,First,#,Eastern_Square selection,Square Survey - Comsumption Potential.csv.Nama WorkPlace,0,7999;Cluster "Cluster" true true false 8000 Text 0 0,First,#,Eastern_Square selection,Square Survey - Comsumption Potential.csv.Cluster,0,7999;Region "Region" true true false 8000 Text 0 0,First,#,Eastern_Square selection,Square Survey - Comsumption Potential.csv.Region,0,7999;Square_Cod "Square_Cod" true true false 8000 Text 0 0,First,#,Eastern_Square selection,Square Survey - Comsumption Potential.csv.Square_Cod,0,7999;SPM "SPM" true true false 8000 Text 0 0,First,#,Eastern_Square selection,Square Survey - Comsumption Potential.csv.SPM,0,7999;CMY "CMY" true true false 8000 Text 0 0,First,#,Eastern_Square selection,Square Survey - Comsumption Potential.csv.CMY,0,7999;CMY100 "CMY100" true true false 8000 Text 0 0,First,#,Eastern_Square selection,Square Survey - Comsumption Potential.csv.CMY100,0,7999;CMW "CMW" true true false 8000 Text 0 0,First,#,Eastern_Square selection,Square Survey - Comsumption Potential.csv.CMW,0,7999;CMA "CMA" true true false 8000 Text 0 0,First,#,Eastern_Square selection,Square Survey - Comsumption Potential.csv.CMA,0,7999;MBO Red 20 "MBO Red 20" true true false 8000 Text 0 0,First,#,Eastern_Square selection,Square Survey - Comsumption Potential.csv.MBO Red 20,0,7999;MBO White 20 "MBO White 20" true true false 8000 Text 0 0,First,#,Eastern_Square selection,Square Survey - Comsumption Potential.csv.MBO White 20,0,7999;MBO Ice Burst 20 "MBO Ice Burst 20" true true false 8000 Text 0 0,First,#,Eastern_Square selection,Square Survey - Comsumption Potential.csv.MBO Ice Burst 20,0,7999;Lucky strike 20 (All) "Lucky strike 20 (All)" true true false 8000 Text 0 0,First,#,Eastern_Square selection,Square Survey - Comsumption Potential.csv.Lucky strike 20 (All),0,7999;Square Update "Square Update" true true false 8000 Text 0 0,First,#,Eastern_Square selection,Square Survey - Comsumption Potential.csv.Square Update,0,7999" #</Process><Process ToolSource="c:\program files\arcgis\pro\Resources\ArcToolbox\toolboxes\Conversion Tools.tbx\ExportFeatures" Date="20240711" Time="163400">ExportFeatures "New Group Layer\Eastern_Square-Join" "C:\Users\JAKKARTID\OneDrive - JT International\Documents - Strategic and Business Insight\Project and Report details - GBS &amp; IT\GIS Project\Dataset for GIS Dashboard\Square.shp\Eastern_Square 2\Eastern_Square\Eastern_Square-Join-H1'24.shp" # NOT_USE_ALIAS "PageName "PageName" true true false 254 Text 0 0,First,#,New Group Layer\Eastern_Square-Join,Eastern_Square-Join.PageName,0,253;PageNumber "PageNumber" true true false 10 Long 0 10,First,#,New Group Layer\Eastern_Square-Join,Eastern_Square-Join.PageNumber,-1,-1;Area_Offic "Area_Offic" true true false 254 Text 0 0,First,#,New Group Layer\Eastern_Square-Join,Eastern_Square-Join.Area_Offic,0,253;DSO_DSD__F "DSO_DSD__F" true true false 254 Text 0 0,First,#,New Group Layer\Eastern_Square-Join,Eastern_Square-Join.DSO_DSD__F,0,253;Project_Na "Project_Na" true true false 254 Text 0 0,First,#,New Group Layer\Eastern_Square-Join,Eastern_Square-Join.Project_Na,0,253;Square_Cod "Square_Cod" true true false 254 Text 0 0,First,#,New Group Layer\Eastern_Square-Join,Eastern_Square-Join.Square_Cod,0,253;Shape_Leng "Shape_Leng" true true false 19 Double 0 0,First,#,New Group Layer\Eastern_Square-Join,Eastern_Square-Join.Shape_Leng,-1,-1;Shape_Area "Shape_Area" true true false 19 Double 0 0,First,#,New Group Layer\Eastern_Square-Join,Eastern_Square-Join.Shape_Area,-1,-1;Id_Workpla "Id_Workpla" true true false 254 Text 0 0,First,#,New Group Layer\Eastern_Square-Join,Eastern_Square-Join.Id_Workpla,0,253;Nama_WorkP "Nama_WorkP" true true false 254 Text 0 0,First,#,New Group Layer\Eastern_Square-Join,Eastern_Square-Join.Nama_WorkP,0,253;Cluster "Cluster" true true false 254 Text 0 0,First,#,New Group Layer\Eastern_Square-Join,Eastern_Square-Join.Cluster,0,253;Region "Region" true true false 254 Text 0 0,First,#,New Group Layer\Eastern_Square-Join,Eastern_Square-Join.Region,0,253;Square_C_1 "Square_C_1" true true false 254 Text 0 0,First,#,New Group Layer\Eastern_Square-Join,Eastern_Square-Join.Square_C_1,0,253;SPM "SPM" true true false 254 Text 0 0,First,#,New Group Layer\Eastern_Square-Join,Eastern_Square-Join.SPM,0,253;CMY "CMY" true true false 254 Text 0 0,First,#,New Group Layer\Eastern_Square-Join,Eastern_Square-Join.CMY,0,253;CMY100 "CMY100" true true false 254 Text 0 0,First,#,New Group Layer\Eastern_Square-Join,Eastern_Square-Join.CMY100,0,253;CMW "CMW" true true false 254 Text 0 0,First,#,New Group Layer\Eastern_Square-Join,Eastern_Square-Join.CMW,0,253;CMA "CMA" true true false 254 Text 0 0,First,#,New Group Layer\Eastern_Square-Join,Eastern_Square-Join.CMA,0,253;MBO_Red_20 "MBO_Red_20" true true false 254 Text 0 0,First,#,New Group Layer\Eastern_Square-Join,Eastern_Square-Join.MBO_Red_20,0,253;MBO_White_ "MBO_White_" true true false 254 Text 0 0,First,#,New Group Layer\Eastern_Square-Join,Eastern_Square-Join.MBO_White_,0,253;MBO_Ice_Bu "MBO_Ice_Bu" true true false 254 Text 0 0,First,#,New Group Layer\Eastern_Square-Join,Eastern_Square-Join.MBO_Ice_Bu,0,253;Lucky_stri "Lucky_stri" true true false 254 Text 0 0,First,#,New Group Layer\Eastern_Square-Join,Eastern_Square-Join.Lucky_stri,0,253;Square_Upd "Square_Upd" true true false 254 Text 0 0,First,#,New Group Layer\Eastern_Square-Join,Eastern_Square-Join.Square_Upd,0,253;Square Update "Square Update" true true false 8000 Text 0 0,First,#,New Group Layer\Eastern_Square-Join,Square Naming.csv.Square Update,0,7999;Segment "Segment" true true false 8000 Text 0 0,First,#,New Group Layer\Eastern_Square-Join,Square Naming.csv.Segment,0,7999;Square "Square" true true false 8000 Text 0 0,First,#,New Group Layer\Eastern_Square-Join,Square Naming.csv.Square,0,7999" #</Process><Process ToolSource="c:\program files\arcgis\pro\Resources\ArcToolbox\toolboxes\Data Management Tools.tbx\DeleteField" Date="20240711" Time="163430">DeleteField "Eastern_Square-Join-H1'24" Square_Upd "Delete Fields"</Process></lineage><itemProps><itemName Sync="TRUE">Eastern_Square-Join-H1'24</itemName><imsContentType Sync="TRUE">002</imsContentType><itemLocation><linkage Sync="TRUE">file://\\WJAK-W10-AP5HIK\C$\Users\JAKKARTID\OneDrive - JT International\Documents - Strategic and Business Insight\Project and Report details - GBS &amp; IT\GIS Project\Dataset for GIS Dashboard\Square.shp\Eastern_Square 2\Eastern_Square\Eastern_Square-Join-H1'24.shp</linkage><protocol Sync="TRUE">Local Area Network</protocol></itemLocation><itemSize Sync="TRUE">0.000</itemSize></itemProps><coordRef><type Sync="TRUE">Geographic</type><geogcsn Sync="TRUE">GCS_Hartebeesthoek_1994</geogcsn><csUnits Sync="TRUE">Angular Unit: Degree (0.017453)</csUnits><peXml Sync="TRUE">&lt;GeographicCoordinateSystem xsi:type='typens:GeographicCoordinateSystem' xmlns:xsi='http://www.w3.org/2001/XMLSchema-instance' xmlns:xs='http://www.w3.org/2001/XMLSchema' xmlns:typens='http://www.esri.com/schemas/ArcGIS/3.3.0'&gt;&lt;WKT&gt;GEOGCS[&amp;quot;GCS_Hartebeesthoek_1994&amp;quot;,DATUM[&amp;quot;D_Hartebeesthoek_1994&amp;quot;,SPHEROID[&amp;quot;WGS_1984&amp;quot;,6378137.0,298.257223563]],PRIMEM[&amp;quot;Greenwich&amp;quot;,0.0],UNIT[&amp;quot;Degree&amp;quot;,0.0174532925199433],AUTHORITY[&amp;quot;EPSG&amp;quot;,4148]]&lt;/WKT&gt;&lt;XOrigin&gt;-400&lt;/XOrigin&gt;&lt;YOrigin&gt;-400&lt;/YOrigin&gt;&lt;XYScale&gt;11258999068426.238&lt;/XYScale&gt;&lt;ZOrigin&gt;-100000&lt;/ZOrigin&gt;&lt;ZScale&gt;10000&lt;/ZScale&gt;&lt;MOrigin&gt;-100000&lt;/MOrigin&gt;&lt;MScale&gt;10000&lt;/MScale&gt;&lt;XYTolerance&gt;8.983152841195215e-09&lt;/XYTolerance&gt;&lt;ZTolerance&gt;0.001&lt;/ZTolerance&gt;&lt;MTolerance&gt;0.001&lt;/MTolerance&gt;&lt;HighPrecision&gt;true&lt;/HighPrecision&gt;&lt;LeftLongitude&gt;-180&lt;/LeftLongitude&gt;&lt;WKID&gt;4148&lt;/WKID&gt;&lt;LatestWKID&gt;4148&lt;/LatestWKID&gt;&lt;/GeographicCoordinateSystem&gt;</peXml></coordRef></DataProperties><SyncDate>20240711</SyncDate><SyncTime>16340000</SyncTime><ModDate>20240711</ModDate><ModTime>16340000</ModTime></Esri><dataIdInfo><envirDesc Sync="TRUE">Microsoft Windows 10 Version 10.0 (Build 22631) ; Esri ArcGIS 13.3.0.52636</envirDesc><dataLang><languageCode value="eng" Sync="TRUE"></languageCode><countryCode value="IDN" Sync="TRUE"></countryCode></dataLang><idCitation><resTitle Sync="TRUE">Eastern_Square-Join-H1'24</resTitle><presForm><PresFormCd value="005" Sync="TRUE"></PresFormCd></presForm></idCitation><spatRpType><SpatRepTypCd value="001" Sync="TRUE"></SpatRepTypCd></spatRpType></dataIdInfo><mdLang><languageCode value="eng" Sync="TRUE"></languageCode><countryCode value="IDN" Sync="TRUE"></countryCode></mdLang><distInfo><distFormat><formatName Sync="TRUE">Shapefile</formatName></distFormat><distTranOps><transSize Sync="TRUE">0.000</transSize></distTranOps></distInfo><mdHrLv><ScopeCd value="005" Sync="TRUE"></ScopeCd></mdHrLv><mdHrLvName Sync="TRUE">dataset</mdHrLvName><refSysInfo><RefSystem><refSysID><identCode code="4148" Sync="TRUE"></identCode><idCodeSpace Sync="TRUE">EPSG</idCodeSpace><idVersion Sync="TRUE">4.5(8.1.0)</idVersion></refSysID></RefSystem></refSysInfo><spatRepInfo><VectSpatRep><geometObjs Name="Eastern_Square-Join-H1'24"><geoObjTyp><GeoObjTypCd value="002" Sync="TRUE"></GeoObjTypCd></geoObjTyp><geoObjCnt Sync="TRUE">0</geoObjCnt></geometObjs><topLvl><TopoLevCd value="001" Sync="TRUE"></TopoLevCd></topLvl></VectSpatRep></spatRepInfo><spdoinfo><ptvctinf><esriterm Name="Eastern_Square-Join-H1'24"><efeatyp Sync="TRUE">Simple</efeatyp><efeageom code="4" Sync="TRUE"></efeageom><esritopo Sync="TRUE">FALSE</esritopo><efeacnt Sync="TRUE">0</efeacnt><spindex Sync="TRUE">FALSE</spindex><linrefer Sync="TRUE">FALSE</linrefer></esriterm></ptvctinf></spdoinfo><eainfo><detailed Name="Eastern_Square-Join-H1'24"><enttyp><enttypl Sync="TRUE">Eastern_Square-Join-H1'24</enttypl><enttypt Sync="TRUE">Feature Class</enttypt><enttypc Sync="TRUE">0</enttypc></enttyp><attr><attrlabl Sync="TRUE">FID</attrlabl><attalias Sync="TRUE">FID</attalias><attrtype Sync="TRUE">OID</attrtype><attwidth Sync="TRUE">4</attwidth><atprecis Sync="TRUE">0</atprecis><attscale Sync="TRUE">0</attscale><attrdef Sync="TRUE">Internal feature number.</attrdef><attrdefs Sync="TRUE">Esri</attrdefs><attrdomv><udom Sync="TRUE">Sequential unique whole numbers that are automatically generated.</udom></attrdomv></attr><attr><attrlabl Sync="TRUE">Shape</attrlabl><attalias Sync="TRUE">Shape</attalias><attrtype Sync="TRUE">Geometry</attrtype><attwidth Sync="TRUE">0</attwidth><atprecis Sync="TRUE">0</atprecis><attscale Sync="TRUE">0</attscale><attrdef Sync="TRUE">Feature geometry.</attrdef><attrdefs Sync="TRUE">Esri</attrdefs><attrdomv><udom Sync="TRUE">Coordinates defining the features.</udom></attrdomv></attr><attr><attrlabl Sync="TRUE">PageName</attrlabl><attalias Sync="TRUE">PageName</attalias><attrtype Sync="TRUE">String</attrtype><attwidth Sync="TRUE">254</attwidth><atprecis Sync="TRUE">0</atprecis><attscale Sync="TRUE">0</attscale></attr><attr><attrlabl Sync="TRUE">PageNumber</attrlabl><attalias Sync="TRUE">PageNumber</attalias><attrtype Sync="TRUE">Integer</attrtype><attwidth Sync="TRUE">10</attwidth><atprecis Sync="TRUE">10</atprecis><attscale Sync="TRUE">0</attscale></attr><attr><attrlabl Sync="TRUE">Area_Offic</attrlabl><attalias Sync="TRUE">Area_Offic</attalias><attrtype Sync="TRUE">String</attrtype><attwidth Sync="TRUE">254</attwidth><atprecis Sync="TRUE">0</atprecis><attscale Sync="TRUE">0</attscale></attr><attr><attrlabl Sync="TRUE">DSO_DSD__F</attrlabl><attalias Sync="TRUE">DSO_DSD__F</attalias><attrtype Sync="TRUE">String</attrtype><attwidth Sync="TRUE">254</attwidth><atprecis Sync="TRUE">0</atprecis><attscale Sync="TRUE">0</attscale></attr><attr><attrlabl Sync="TRUE">Project_Na</attrlabl><attalias Sync="TRUE">Project_Na</attalias><attrtype Sync="TRUE">String</attrtype><attwidth Sync="TRUE">254</attwidth><atprecis Sync="TRUE">0</atprecis><attscale Sync="TRUE">0</attscale></attr><attr><attrlabl Sync="TRUE">Square_Cod</attrlabl><attalias Sync="TRUE">Square_Cod</attalias><attrtype Sync="TRUE">String</attrtype><attwidth Sync="TRUE">254</attwidth><atprecis Sync="TRUE">0</atprecis><attscale Sync="TRUE">0</attscale></attr><attr><attrlabl Sync="TRUE">Shape_Leng</attrlabl><attalias Sync="TRUE">Shape_Leng</attalias><attrtype Sync="TRUE">Double</attrtype><attwidth Sync="TRUE">19</attwidth><atprecis Sync="TRUE">0</atprecis><attscale Sync="TRUE">0</attscale></attr><attr><attrlabl Sync="TRUE">Shape_Area</attrlabl><attalias Sync="TRUE">Shape_Area</attalias><attrtype Sync="TRUE">Double</attrtype><attwidth Sync="TRUE">19</attwidth><atprecis Sync="TRUE">0</atprecis><attscale Sync="TRUE">0</attscale><attrdef Sync="TRUE">Area of feature in internal units squared.</attrdef><attrdefs Sync="TRUE">Esri</attrdefs><attrdomv><udom Sync="TRUE">Positive real numbers that are automatically generated.</udom></attrdomv></attr><attr><attrlabl Sync="TRUE">Id_Workpla</attrlabl><attalias Sync="TRUE">Id_Workpla</attalias><attrtype Sync="TRUE">String</attrtype><attwidth Sync="TRUE">254</attwidth><atprecis Sync="TRUE">0</atprecis><attscale Sync="TRUE">0</attscale></attr><attr><attrlabl Sync="TRUE">Nama_WorkP</attrlabl><attalias Sync="TRUE">Nama_WorkP</attalias><attrtype Sync="TRUE">String</attrtype><attwidth Sync="TRUE">254</attwidth><atprecis Sync="TRUE">0</atprecis><attscale Sync="TRUE">0</attscale></attr><attr><attrlabl Sync="TRUE">Cluster</attrlabl><attalias Sync="TRUE">Cluster</attalias><attrtype Sync="TRUE">String</attrtype><attwidth Sync="TRUE">254</attwidth><atprecis Sync="TRUE">0</atprecis><attscale Sync="TRUE">0</attscale></attr><attr><attrlabl Sync="TRUE">Region</attrlabl><attalias Sync="TRUE">Region</attalias><attrtype Sync="TRUE">String</attrtype><attwidth Sync="TRUE">254</attwidth><atprecis Sync="TRUE">0</atprecis><attscale Sync="TRUE">0</attscale></attr><attr><attrlabl Sync="TRUE">Square_C_1</attrlabl><attalias Sync="TRUE">Square_C_1</attalias><attrtype Sync="TRUE">String</attrtype><attwidth Sync="TRUE">254</attwidth><atprecis Sync="TRUE">0</atprecis><attscale Sync="TRUE">0</attscale></attr><attr><attrlabl Sync="TRUE">SPM</attrlabl><attalias Sync="TRUE">SPM</attalias><attrtype Sync="TRUE">String</attrtype><attwidth Sync="TRUE">254</attwidth><atprecis Sync="TRUE">0</atprecis><attscale Sync="TRUE">0</attscale></attr><attr><attrlabl Sync="TRUE">CMY</attrlabl><attalias Sync="TRUE">CMY</attalias><attrtype Sync="TRUE">String</attrtype><attwidth Sync="TRUE">254</attwidth><atprecis Sync="TRUE">0</atprecis><attscale Sync="TRUE">0</attscale></attr><attr><attrlabl Sync="TRUE">CMY100</attrlabl><attalias Sync="TRUE">CMY100</attalias><attrtype Sync="TRUE">String</attrtype><attwidth Sync="TRUE">254</attwidth><atprecis Sync="TRUE">0</atprecis><attscale Sync="TRUE">0</attscale></attr><attr><attrlabl Sync="TRUE">CMW</attrlabl><attalias Sync="TRUE">CMW</attalias><attrtype Sync="TRUE">String</attrtype><attwidth Sync="TRUE">254</attwidth><atprecis Sync="TRUE">0</atprecis><attscale Sync="TRUE">0</attscale></attr><attr><attrlabl Sync="TRUE">CMA</attrlabl><attalias Sync="TRUE">CMA</attalias><attrtype Sync="TRUE">String</attrtype><attwidth Sync="TRUE">254</attwidth><atprecis Sync="TRUE">0</atprecis><attscale Sync="TRUE">0</attscale></attr><attr><attrlabl Sync="TRUE">MBO_Red_20</attrlabl><attalias Sync="TRUE">MBO_Red_20</attalias><attrtype Sync="TRUE">String</attrtype><attwidth Sync="TRUE">254</attwidth><atprecis Sync="TRUE">0</atprecis><attscale Sync="TRUE">0</attscale></attr><attr><attrlabl Sync="TRUE">MBO_White_</attrlabl><attalias Sync="TRUE">MBO_White_</attalias><attrtype Sync="TRUE">String</attrtype><attwidth Sync="TRUE">254</attwidth><atprecis Sync="TRUE">0</atprecis><attscale Sync="TRUE">0</attscale></attr><attr><attrlabl Sync="TRUE">MBO_Ice_Bu</attrlabl><attalias Sync="TRUE">MBO_Ice_Bu</attalias><attrtype Sync="TRUE">String</attrtype><attwidth Sync="TRUE">254</attwidth><atprecis Sync="TRUE">0</atprecis><attscale Sync="TRUE">0</attscale></attr><attr><attrlabl Sync="TRUE">Lucky_stri</attrlabl><attalias Sync="TRUE">Lucky_stri</attalias><attrtype Sync="TRUE">String</attrtype><attwidth Sync="TRUE">254</attwidth><atprecis Sync="TRUE">0</atprecis><attscale Sync="TRUE">0</attscale></attr><attr><attrlabl Sync="TRUE">Square_Upd</attrlabl><attalias Sync="TRUE">Square_Upd</attalias><attrtype Sync="TRUE">String</attrtype><attwidth Sync="TRUE">254</attwidth><atprecis Sync="TRUE">0</atprecis><attscale Sync="TRUE">0</attscale></attr><attr><attrlabl Sync="TRUE">Square_U_1</attrlabl><attalias Sync="TRUE">Square_U_1</attalias><attrtype Sync="TRUE">String</attrtype><attwidth Sync="TRUE">254</attwidth><atprecis Sync="TRUE">0</atprecis><attscale Sync="TRUE">0</attscale></attr><attr><attrlabl Sync="TRUE">Segment</attrlabl><attalias Sync="TRUE">Segment</attalias><attrtype Sync="TRUE">String</attrtype><attwidth Sync="TRUE">254</attwidth><atprecis Sync="TRUE">0</atprecis><attscale Sync="TRUE">0</attscale></attr><attr><attrlabl Sync="TRUE">Square</attrlabl><attalias Sync="TRUE">Square</attalias><attrtype Sync="TRUE">String</attrtype><attwidth Sync="TRUE">254</attwidth><atprecis Sync="TRUE">0</atprecis><attscale Sync="TRUE">0</attscale></attr></detailed></eainfo><mdDateSt Sync="TRUE">20240711</mdDateSt></metadata>
